artist_name,title,link,published,fetched_at
Bad Bunny,Bad Bunny’s history lesson - vox.com,https://news.google.com/rss/articles/CBMilAFBVV95cUxNZGRLQ202bGdQdm9NWDlfSmt2eTV5UE0tOEdBcXBxR1U2d2xzallnTDZNQVNwQVhVby1PYWVWeTBGMTVWMnhXaTdMdXBIdTU0V0dydDlENzJLVTdfZENpTWtFQTNYMjdzVEp4Q2p4N2tCNVlNd21aSmVIc1E4dWY3RjlUNkRhWkpvYkVqd00tVGVjZFpV?oc=5,"Mon, 25 Aug 2025 11:05:00 GMT",2025-08-25 14:11:13
Bad Bunny,"Bad Bunny Delivers Beachy New Visuals For ""WELTiTA"" - hypebeast.com",https://news.google.com/rss/articles/CBMilwFBVV95cUxQNkNjU0g2NlRKSmtSZXJDR3ltb2hIN1hnd1daVGd6c0RiaG1EQ1NkTWxDN0p3ZlN6VlJQSmNBSHE3UkdBVTZiaUdLTlhGaTVORG9vSTg5WkxhYlZmbzlUNVY0T2VlWDItbm5NdnlrNVZhTE9UQ0tDazJGQ1hET2tHUHdoUFVDUXhmdzhsamQwT3JmMUlDc0lz?oc=5,"Mon, 25 Aug 2025 09:20:11 GMT",2025-08-25 14:11:13
Bad Bunny,6 Things to Do in Puerto Rico That Bring Bad Bunny’s Music to Life - The New York Times,https://news.google.com/rss/articles/CBMigAFBVV95cUxPdGN3RDAzZUg2MndSa0tCc1lMQXM5VGVfeWxtc3lDbVpaU3R5UlAtSHZKN24wRzlDWlhxMWpQVkxwNWVURWh6enNzZzBXMEgyYlZ3TDF0VmZxR0Fvcm5RQUV1YUFyc0pCMzhGS3l5OTctc0p0MXgxMEcteld1V0FTeA?oc=5,"Wed, 06 Aug 2025 07:00:00 GMT",2025-08-25 14:11:13
Bad Bunny,I Went to Puerto Rico for Bad Bunny’s DeBí TiRAR Más FOToS Show (& It Was More Moving Than Expected) - PureWow,https://news.google.com/rss/articles/CBMiiwFBVV95cUxQU2VLcjBRRUkzd2tBWDJkLVZQekZwNWJKTFZ0OWRZR2tHblRpbG5kSVdWNHgtelBjZXQ5Z1Q5VlpwT1ItZlZpVlFDbVByTmRhN3loOHdFbENTdThIclEzZmQwa1Q0Q0pzQy1qQmNsYTY5M3ZxRXNlRlpFNWFPU2V4dXV1Rjd4OFNfT3U0?oc=5,"Mon, 18 Aug 2025 10:00:00 GMT",2025-08-25 14:11:13
Bad Bunny,Bad Bunny's music part of Latinx course at Emory University - FOX 5 Atlanta,https://news.google.com/rss/articles/CBMijgFBVV95cUxOa0xsWDBSR21WTnJrM3d6amFBVHlJV0UtdlEzQ3psOVRyd1hfRlh5MHlUbEVQUGVQX19lRXVRVGExUXZEbmtJeTc3YXNxYnNTemZKc0NtODFLWGFUUmViWDVtZUs5aUhKcTVHTlppU1ZTYWQ3dUlLR0lVb09jVHY2NW43VGZWMmswU200cUJn0gGTAUFVX3lxTE9fYUtjQzdtTWwwRm1XTXg5NGUyd25YbUFRekQ4RVhUbFNzRVFsTUN6RWFnRTEzbXhoWEVvSDZnanBsaHhOWXFfaEszeFBVdnZ5WEVHTkk2WUNJVmxoQ3YzWG1KYnpLOTFqNDJiQTVuS082Rl80YW5IWnBrS3k0bTZkNENxZDBfZXpYb2ozVkpiN2E3MA?oc=5,"Wed, 06 Aug 2025 07:00:00 GMT",2025-08-25 14:11:13
Bad Bunny,All the Surprise Guests at Bad Bunny’s Puerto Rico Residency (Updating) - Billboard,https://news.google.com/rss/articles/CBMihwFBVV95cUxPd1ktSUZMTERxUTBtOUIxSTJkOGhnUWlWM0RJMHhxWEp2MXZLQmZjUlpBWVV2ZWM1VUxxMTJDeHhMTE8xeGZZN1l5WWpsYjJRNU5oOF9rSVJHSXlOZW9hbUlVV3FKLWpmc1VmTW5LSWVQVXpWR05ONHQ1ckZsX3BacGVUd1FpQm8?oc=5,"Tue, 19 Aug 2025 07:00:00 GMT",2025-08-25 14:11:13
Bad Bunny,Bad Bunny's Puerto Rico residency: How 'El Conejo Malo' turned El Choli into the island's biggest block party - HOLA,https://news.google.com/rss/articles/CBMiqgFBVV95cUxNbVVoMTZ1WHpGdHlaNy1Wd1pORkVXQVJkdTZNdXNaQnUwLTBWeGNrU1NueUhUSmJYUXYxWTI0NkJSbjFZb1Z1eTViRkZVb3hycUFWUjE3clJPQmFTdks0M0I3ZUYwV1hqV2lBRGNqNFF4ZkREeHotRFVCZXc1MFJVRVVha2pYLWpDaFdoT214U0dHRGY2UDYzVjktczg1eF9Oc19pdDY2VnB3d9IBuAFBVV95cUxPS093UW5EWm1kVUpvMTdTU0JaQ3I0QkltX01jN0RkSGJOaVZ4a0hIQ1A5dmNyLWtNNjM5dEM4NWxqTEdfT2plRmtuc1BUdnBxSDhGblpveDB1dGJWbTdzQldmQjNiWWtDT3pKYzR0S1VyOTVXMlUzUGVJd3g3M0Vta2laVlUwNWEtMF9helZ1aTZCNTYyRG1HVk9PVTBLdFhrQ19EZDZ6d2Z0anBqaEZTVDJyTVFLV2pB?oc=5,"Fri, 22 Aug 2025 20:42:01 GMT",2025-08-25 14:11:13
Bad Bunny,Puerto Rico cashes in on Bad Bunny as thousands flock to the island for his concerts - TelegraphHerald.com,https://news.google.com/rss/articles/CBMimwFBVV95cUxNU3NZLTQ2bzMxbW1XOXU3VldPdEhqeGxFLU1vN0dpampjSm9FSGxEeExpQmdNMER0LWFJY2V6bDN3ODVDR1EybzBoSGZDdlY1ekYzU3BtQTgwb3RKTHA0eHJFMmFHUVBObDdoYmhDNHJzNjJWVTlSMkVETnBoX25SZzh2UFFOT2N4bm5vaGRXaTlrdmFlVF9NRWJNQQ?oc=5,"Sun, 24 Aug 2025 05:30:00 GMT",2025-08-25 14:11:13
Bad Bunny,6 Things to Do in Puerto Rico That Bring Bad Bunny’s Music to Life - Sierra Vista Herald,https://news.google.com/rss/articles/CBMi9AFBVV95cUxPOTktMlZTbTRDTU9PanEtcUN1SEotQkRCbU8wa1JBU2lvYk1vem9hLUZnU01fYUIyTURxTDloR0lRbUl5WVJ3REFvUTRFM0hRejNxWV9hN1BoTGxSMjAtbzBaeEdLTFBZaTFWdEVHNmJVZ2ROTVoxT0tpMVBYU0hZZTQxZFEtWWtkbjZoSTM5R1JFOUVCVkhzVzdrRjA0TzVLeUszamRkT2UyOU1qY0R2c2h1YS1RV2JsQktfaWtFN1Zubzh3VzJIeDR6ZkFNeXd1U3ZiQ0FjU08ySW9SOWxEYXh5NU1UV0FJR2NRYWNoVUVjajR1?oc=5,"Sun, 17 Aug 2025 17:45:00 GMT",2025-08-25 14:11:13
Bad Bunny,Bad Bunny Danced on Top of My Grandmother’s House – and It Was Beautiful - we are mitú,https://news.google.com/rss/articles/CBMigAFBVV95cUxOc3llLVVjZERURlhQSkN1ZVIwaGw3VHQ2YTR4ZENHVmFhbHhXTEpMZDVKRmxiUkZEYVR3TlQ2d1FEM2cyb295N2RIU0djMHlUeE43NldNWDBuUjdKSW5reFlJcXNmYTFaT1FHLW9QYXJGcmljOXVXQ09tMXV6Q1J4QQ?oc=5,"Fri, 15 Aug 2025 07:00:00 GMT",2025-08-25 14:11:13
Foo Fighters,The Heartfelt Meaning Behind Foo Fighters’ ‘Everlong’ - Audio Ink Radio,https://news.google.com/rss/articles/CBMijgFBVV95cUxNV1JfajEwVXJWOWZTZXg5YU9naHlKOWpBR3VZT0c2Nm05WFJERW51TWIwTzZnMkVyRnhnTVd4TFlqRkJmMUtOXzdXVVNzNzZ6OUdOWHp3dVdSaUdkTkt5SEkyTFZNUjV5cFBaVklneEV4WG1Oa3ppdFFtQWlQWVFBLWFqZWNlSEJzc212aFVB?oc=5,"Mon, 25 Aug 2025 02:26:58 GMT",2025-08-25 14:11:14
Foo Fighters,"Foo Fighters | Band, Members, Albums, & Facts - Britannica",https://news.google.com/rss/articles/CBMiWEFVX3lxTFByVGpXXy1FU3RTZXhFMUJqdUlYU3RTb2gzS182RlZCdGo1OHFvOXZsaUZPSkNvYTkwUHBBVmVqLTJnMmtldDJDeWsxTWZtYUYwTkZFbFYzVFo?oc=5,"Sun, 03 Aug 2025 07:00:00 GMT",2025-08-25 14:11:14
Foo Fighters,Foo Fighters release new song to mark 30th anniversary of band’s debut - Los Angeles Times,https://news.google.com/rss/articles/CBMiqwFBVV95cUxOM251V0plei1XZWlYRjZtRDBPclNIVWFxaXhJWUNuUWFZX09PbWtPMTBITDdNOFJKUHFMOTV1VWtYWm80THhyWHhYRVFoYmFHMDBJUUF1alZWM3JXdk45WURjNGJnbFI2Rlp3aHBvZmtYNTk4eXU1Y1M2NE0tRE9lbVoyT3NsdnRhbERvR0o0U1pfbEZ6TEc5RE41UGFSX1dTSnkxOUlmSUR5MTQ?oc=5,"Wed, 02 Jul 2025 07:00:00 GMT",2025-08-25 14:11:14
Foo Fighters,Foo Fighters Celebrate 30th Anniversary of Debut Album With Emotional New Track ‘Today’s Song’ - Billboard,https://news.google.com/rss/articles/CBMilAFBVV95cUxQMEJZT0QzMzhaNjlqRjNhLVc2RG1zODc4bzk0cHpiUGp6OWE2WVpKMnhyUTc0b1J4ZUFwSVlVYk1NenVrclVKY3IyUnJGNEN4RmxFQ1QzTEJfbDY3YnI1NGxjaEthR1RvOGc4bkpLc0tIS3o1dG10VUlXUjlZWjZuajFLdWlLOFU3bDNMQnVrUk12bU1E?oc=5,"Wed, 02 Jul 2025 07:00:00 GMT",2025-08-25 14:11:14
Foo Fighters,"Foo Fighters Debut ""Today's Song,"" First New Music Since 2023 - Rock Cellar Magazine",https://news.google.com/rss/articles/CBMiiwFBVV95cUxNbGVRV0RpbTllaU5LZ2l6dHByb0UwdFZjejNqd3p3dTZ6RWpoUXFOaUswNnU0QzZmWFo3YUpia3lvU0E5T1hkUnRTWGJzbzQxZVRvbHFxMmxpMVdvUkZjNXFDRmFRaXRaNTdOdXRWSktjbjF4Q2tkNEdWSDd5VjMxVFlZa3VkYlhxeUFF?oc=5,"Wed, 02 Jul 2025 07:00:00 GMT",2025-08-25 14:11:14
Foo Fighters,Is Soft Rock Actually Great? These Albums Prove That Traditional Electric Rock Acts Going (Mostly) Acoustic Can Work Really Well - Ultimate Guitar,https://news.google.com/rss/articles/CBMijwJBVV95cUxNTFNwMldwM1JjVVpabnBodDZzdUNjNjJxeHlvZGVFZ2hrbk4zZnJNS29xNENOX1JZNTZZSDgzOENvUmdUZU1ucUJVOTJFR3lHV1NMcE5sMk9UWTMyY2IydERFUGJHS2FfLTl5MHR5VDlkVk1ZVm5xaWl6bVVnNGhuZHJxZEowOG5MMUFrdFZlZ1dnR1BTcXhxdy1ocWNTQnd6SmNYcjlpbzFSVjRYWTlUYUpCcURaeFBGX1lNSnZRS3ozcDNoNVNXUDBCd3ZONFhTRmNvdHYxNG1kdVJaeFRWNFplaFdPSkN3cFZFaGRaX08takdHTHk2Q2JkWWd2czdhZklYeWtSZEFac0R6cVhr?oc=5,"Sat, 23 Aug 2025 10:58:48 GMT",2025-08-25 14:11:14
Foo Fighters,Foo Fighters Bring on New Drummer to Replace Josh Freese - Rolling Stone,https://news.google.com/rss/articles/CBMiswFBVV95cUxPZVg4cjh1QnlnS085ajB3cG00bkhLejhtdXpaQlhZOEpISFQ0R1ozS255UElFdlAtWGVmRHRrRnFpek1QN1dzTWM3RDVMNFhBZmhFNXo1T0Ruazl4cnNLM2ZHbWV3UXBZN2oycFpqdEtyZGRPZGYwcHQxVnJVYVdrdlptbmZSY3V6bzY5NXJ3R09wYkx1MTdHX0RaLXVZd19POHhDWUNBUVdvckdjNjllUmVERQ?oc=5,"Wed, 30 Jul 2025 07:00:00 GMT",2025-08-25 14:11:14
Foo Fighters,Foo Fighters Share New Song “Today’s Song”: Listen - Pitchfork,https://news.google.com/rss/articles/CBMif0FVX3lxTE1OSHV6eXJxZktLYVRMSlhSeXl3V3hBRVg4MW0yLWtCX21kTmlPV0FqMDVuaHd2c1VUbnRXUUdnWHlrTWhVQkpFTVBWZXVOc3p3b2Jmd1pESDhVbHhtS1FSRU5NQ2tabmNxcjBHLXI0dDBwWkY1aWVXTGU0YTY4NEk?oc=5,"Wed, 02 Jul 2025 07:00:00 GMT",2025-08-25 14:11:14
Foo Fighters,"Foo Fighters drop first new music since Dave Grohl scandal, celebrating 30 years as a band - USA Today",https://news.google.com/rss/articles/CBMirgFBVV95cUxNTUdWY0k3S1cyLVZhSWRPREhmMFBpcUZNWjQ2Tl9pdG5kakVha2MydEd6QmRLcHFDaXIyV1FGWWJIdnZHb25PMERnT2xjRFNHeWNkTWtNcVZvdktweHBMNEc5dDNxM2xPV1oxekZLM3JvZjdsVU5JeEFjOUEtSkJ3eW9ZSVd6MHhaZHpDQ1JBd2hUczdybWhrNFNaUUJQbmpSQjBFalg3cnEySTRjblE?oc=5,"Wed, 02 Jul 2025 07:00:00 GMT",2025-08-25 14:11:14
Foo Fighters,"Foo Fighters Return With ‘Today’s Song,’ Celebrating 30th Anniversary and Honoring Departed Bandmembers - Variety",https://news.google.com/rss/articles/CBMiqgFBVV95cUxPMHF2RTE4R3pTLWlFQzZ1cmJ2Zl9kc1RpUnI2MHJNclctSERZUHlGeVlXME1ObjlqNkZuRlVxSUVTdjhfX3lEQUdGbTctbkg1d3l5NnEwSDlGUWZFN1RUem5XejdkM3BsSWZnRHdNZUZRbmtUQXJBSEt3VVgtSW9DTmdha3JTSm1XSXdubk04eV8wblJXbGRxZk9INzJXX3M2X0dNclB0UFh3UQ?oc=5,"Wed, 02 Jul 2025 07:00:00 GMT",2025-08-25 14:11:14
Kendrick Lamar,Drake gains access to redacted Kendrick Lamar contract in UMG legal battle - Music Business Worldwide,https://news.google.com/rss/articles/CBMiqAFBVV95cUxOSmZqMTF1YndCUUhJaUVCX00zUTA4emlqZXFPbzVBbldYSFA3RF9uMzZMdzNtVWNkZUJTTUFSMWNzQnowVjh5VWRscDN6OHV2WkZEMkpWRGMzLTZuU2JBQU1paEhYa3g1SkRrZ0dyYkZORnhOUVlFa01hak96VE1fZVhsZ1JHX05ZWlM1M0dzdHl4TmhCdWYyNUJaQ1lpeURoamEtdWxmN3Q?oc=5,"Mon, 25 Aug 2025 10:38:18 GMT",2025-08-25 14:11:15
Kendrick Lamar,Kendrick Lamar & Drake Are In A Tight Race For The Best Selling Album Of 2025 - HotNewHipHop,https://news.google.com/rss/articles/CBMimAFBVV95cUxONGkzNXAwUmJRaXczSTNkWGZFcGY2dVRxNUtXcUlzV0c4V3pmVDNmN1lhd3MwTnhJdUJZWE1XOUpYVDljcVItVTFpQmw2NGpkRDJYdjU1OXcyT2FjZG9yNXhiQ1FYNEp4NVZiTU5nY2IzZlZFTVlxNHdnMGNDQkg1elYtWHV2Z2JjU3VmdFh5MzhKZ0huUU41Ng?oc=5,"Mon, 25 Aug 2025 13:45:24 GMT",2025-08-25 14:11:15
Kendrick Lamar,"Best-Selling Rap Albums of 2025 So Far (US): Kendrick Lamar, Drake & BigXThaPlug - Ratings Game Music",https://news.google.com/rss/articles/CBMitgFBVV95cUxOOWY1bGRxMFA5Z3lZM3NKT0JXVlhqUDA3WkppbnlobUNqc0RESFhZRnZoUWJmcVAzend0cF9UbEhLS2FTc1NlVVd5UkhHbXpvY1RsRWZ0TWNQSkZoc0Vha3hlYVY5MUZzanA1VTVfSHkwMnZjRjQ2MG05T3VpZk55Z0VXVzVSRXNudXBOblYtZHVIRm0xdUU2Q2hpOWN1c0g2MTdiU2pXNmdTcXBnTlhHdzRPWGI3QQ?oc=5,"Sun, 24 Aug 2025 23:34:23 GMT",2025-08-25 14:11:15
Kendrick Lamar,Watch Clipse bring out Kendrick Lamar to perform ‘Chains & Whips’ together for the first time - NME,https://news.google.com/rss/articles/CBMixwFBVV95cUxNc3BUdXRCbVZoZFFzYzFhSVZBQURTbmJzZi1KWVJPOXZjX2R0Vi1BaVh4NEJzN01EQ1J0NFBFajBTWTZURlRZWHM2N01yRnBlcHhsRTNfZWo4ZVgyT0VHWUgydEJwSmk2WEpSNnpUOUJ6ZmY3VUNNb1ZwZnl3bk4weF9nSC15M3VSVzc1Skowc0IySkVoVnQ4TkJWaDdXTWRuR2drMm1EUUNVSWZpZ3hDQVRaQjNYOXhaRldFUHdqNTJhc0dnNFlj?oc=5,"Mon, 25 Aug 2025 05:23:26 GMT",2025-08-25 14:11:15
Kendrick Lamar,Clipse Bring Out Kendrick Lamar in Los Angeles - Complex,https://news.google.com/rss/articles/CBMijwFBVV95cUxPSEY2NjhCRF9fbk9PVkdQQkdrWW9BVV9qWm1ueTJnUXl0S1BUeWlFUHRkRUhhLVRlcVBhM0xsSXBpRDFTeUxyTk5FNjd2eHFUdmVucjZ3UkVGTU9WUFl0RlBDdk82XzI0STB6VC1ldndRQTc2emwtdHpTZVYya1pfc3NpVkZBVkRXSnl6R0ZUVQ?oc=5,"Sun, 24 Aug 2025 16:47:19 GMT",2025-08-25 14:11:15
Kendrick Lamar,Clipse and Kendrick Lamar Perform 'Chains & Whips' Live Together for First Time at L.A. Show - Rolling Stone,https://news.google.com/rss/articles/CBMitgFBVV95cUxNRHR1VWQ3bzdYNnRaZGtoNW9RZTRQTkx5ZXc2VmZKVzhieXVGT3g5WE1wTERKQjZqdkdoV3JaSnpJSWZqeWRNanUzejRwQVFNX1pSTjJ5WFBzcmF0b2QyUXRtUm5GVzVEalBRM1V6Y0htMkRNLVEyVk54OWZubHdqaFhNVVU0b0RjWXlkbG1IcU8ySHJ3MkdyalMtTTFJQmJLNHVYMkZvdWhCN29NQVBjZDdYVS1Udw?oc=5,"Sun, 24 Aug 2025 18:52:56 GMT",2025-08-25 14:11:15
Kendrick Lamar,Clipse Joined Onstage by Kendrick Lamar to Perform “Chains & Whips” - mxdwn Music,https://news.google.com/rss/articles/CBMipwFBVV95cUxNd0tVcXFRLUExNUxJM2ljWFFkRTgxMHBRQkppM0R4RXROWTRveWplQ3h3ZlIyZWYwZVgzNWNjakgxWU5TTmQ5d01faUNBQkRVR3VpeTY5b01fMW1fYVBDQVpZUlRtNGV3UUIzc25hNTZXY2FfSFNSWmFZVG9QZ0ZKN0M3VGJzOWpSQWtXNUt6alRhNWRQTHh0bWZ5dzNIX1drQ0lvSU10VdIBrAFBVV95cUxPTE5FY1lPVkVaeEQ2TTE2N1BrYjM0eWE4bVFucFM4clB2RmdPclVlQVNMM2RBN2hqMnFQd19EWHpNQUVXNW96VXN6NVQ1ang2OGdaTDBkN2tNblFHVFN0cE5MOHFYUU1vUnFVcEt0WWUyNWVQSDcyZUdEWmJ4MDlNelItMEY5SzBJLW00c2tIeU5zVXNyeHdZcUxzUm92bTVIMGwycDZBOFR2MGo2?oc=5,"Sun, 24 Aug 2025 20:53:01 GMT",2025-08-25 14:11:15
Kendrick Lamar,"Clipse & Kendrick Lamar Perform ""Chains & Whips"" Live Together For The First Time: Watch - Stereogum",https://news.google.com/rss/articles/CBMitgFBVV95cUxQb0JETWtka09uYV8xNllxM0tfZFpvMDZZTzFQaVktRXZqUXd2RnZVZVluTS1uWEpLNWptNVFYYVEzRXZGcVh3a0ZFdzVxc2NCUWllTHpFdlV5OV8zWWhLVmVKcWs3UmgxakFVYi1yRzhOc1k0VDJVYWZ3VnR6THBvQ0ZGOVFMMVh1ZU5rQldpRHJHcFJCazRPZUwzZzNXbGRGa2V6TElHYUdPWV9mUU84dlo2NTIzUQ?oc=5,"Mon, 25 Aug 2025 13:18:00 GMT",2025-08-25 14:11:15
Kendrick Lamar,"Watch Clipse bring out Kendrick Lamar in LA for ""Chains & Whips"" - BrooklynVegan",https://news.google.com/rss/articles/CBMilgFBVV95cUxPLTFRb2VSVzhjZk9HT09tNnl0eEdoVVNOOWdBOHRudjFNcEdYRGFDVmxHZzliS3ZpX1dsRWNRLVVHdHpJUEF6b2l5RHJFRmtVTFFmYVc0dHR2QnNYQXNFVF9FNnBEcHVKd1g0V1lyQ2FxNkRQX3c0eXBjQU9NQzhNRUJ1bEZzZVhHb193S001X3pFT0JMS3c?oc=5,"Mon, 25 Aug 2025 13:22:06 GMT",2025-08-25 14:11:15
Kendrick Lamar,"15-Minute Beyoncé, Kendrick Lamar Sets Up Against 3-Hour Shows at Emmys - Billboard",https://news.google.com/rss/articles/CBMisAFBVV95cUxNYU1XQTcyZldHTlloWFo4SVh4cE8zdHZ4U0JuclhhNnNqdnd5LVh6U3FrUXI4TFFFZkNTdVV5T25aS3BoNkRqYl9QN05PaHRXYVR4SU9wXzZ1aUY5UlVIVEEtMFVPTlQ5X0xBT3ZVM1VJQldkNjdJcXVJXzJpNHNWd2tZTk9iUjQ3N0JYTFVWei1sQmR5Z0hXQ000Mldma1dWNkFwU29mYXZzQ3RVVmswRw?oc=5,"Tue, 19 Aug 2025 14:20:26 GMT",2025-08-25 14:11:15
Taylor Swift,"World's wealthiest female musician surpasses Beyoncé and Rihanna with $1.6bn net worth, $800m royalties - Hindustan Times - Hindustan Times",https://news.google.com/rss/articles/CBMi9AFBVV95cUxQSWNkTC05VW5GQWR0cGRKYXJ4Z0Z4ZlY4QnpSZHpvdnFLcHluRFNMLWpiZVFPSllNNl9vc2JSSk0yazJSM1pvRWxZSVhQWkVGTmhyVGtPaGZCYjhkWWF6TjFLOE9EdGZrY19janhtdURabDFIeEVqUGQ1UDlOMzBvYnJYTzBVQlNqV3d2c0ZpQy10VmhXODBCSUpxV3UxeEMwUFY1Z2dqc1JTaElYNUNJUzlsRGhIeUZoRDZlTFRRUVZGeEJVRVZRd0lnWWpsa241UHRWTkxHdmxwbE9CUDRyajg2ZEtfVlFPR1NBVkpzWlhQYzVY0gH6AUFVX3lxTE9uUWE5eDRfa0lSNUV1ZjVaXzA1ODdvZk1NMlR6RGRvWFlzNUhoNHBJbTRIUmxXQkQ1MGczdi1Lc3VQX0lXWVJWODE3SHdBZFNneWxnOGVBNGlvbnFCTVJ4Rnpid2JCMVFpZ3JJbmJvS1JIMzQ1eDBFWVFmc056NEhjdUdtcmhFd3VNRnJrU0x3eGVwcnExZmJPbVB6U3V4RHg2MmhGaDBCdGdsZXFNTmZ5MWtieTVRUGo5UjNBdjBoU2c3QUJLSXN6ZHFfMVh6Nk9ZYzhsaWFFOVlNWWltbVVtV0ZFZGZZYXlvQldROVhBYUNfcHdESGMwS0E?oc=5,"Sun, 24 Aug 2025 17:42:35 GMT",2025-08-25 14:11:15
Taylor Swift,"Taylor Swift Took Quiet Revenge on Kanye West With Album Name, Says Source - yahoo.com",https://news.google.com/rss/articles/CBMingFBVV95cUxPci1heXE3eXUweWEwb2ZQbjlrLVB3c2gtdHBDQWlwQ0JwdlJKcDJUdzU2c3RTanp0b1dtS1Z6eEVDT0xEMkNYR2dtM3BucENDekdpdng4Ni1WSXhLSWZqQ2ZqRGZPYmQ2UHhrLUtOS1NQN3BMZGZGVjN4REJ4UDUtbHk0cUcyZHBjYXk1MWZTZ3pSS1Bwdjc3cUFGQ1lkQQ?oc=5,"Mon, 25 Aug 2025 09:47:13 GMT",2025-08-25 14:11:15
Taylor Swift,"Luke Combs Gushes Over ‘Really Great’ Taylor Swift, Admits He’d Be up for a Collaboration - AOL.com",https://news.google.com/rss/articles/CBMihAFBVV95cUxPRHRXX2gtQXJaay1sRDFCY250c2pEUXptOU5IMzlzWXJ2T2ZtVkhCZkZoYzZGSTdVbmhWNFFuVGZPbk9pN1VJODJLQklTR25wOTJ1bDdIaGhCZlF6RENhVGhvdjQwcXBSaHJTMFVTX3ZidkZlRlZfOU5PYTBveEtSNURWQlA?oc=5,"Sat, 23 Aug 2025 05:26:15 GMT",2025-08-25 14:11:15
Taylor Swift,Swift to come clean on shock breakdown - News.com.au,https://news.google.com/rss/articles/CBMiywFBVV95cUxPVXpXc0FYYnlLS21OZ1NpRS1vZ2U0d1hTNDdSb19udk5mZjVDc0JQZzg3Nms5U1doMUU5cklwRmx6dWZUalJrZ0RkX1A2THBNeFZfS2VsZUZiTWUwY2tHQThfeW02TW5GVC13cHRzSFBkRkZsNDdGSnN2b3VNaElqQlpOT1dNZnRXSld2YllncHVTQlBYZ3JOVk9rNS1FNlBrc2dGXzdaVEpOdWUwdW9KSGxFNlE2NmlNRmNNaWVySDFYU3g4U0FqZjBkYw?oc=5,"Sun, 24 Aug 2025 20:00:57 GMT",2025-08-25 14:11:15
Taylor Swift,"Why A$AP Rocky, Taylor Swift and The Weeknd Struggle to Turn Music Fame Into Movie Stardom - Variety",https://news.google.com/rss/articles/CBMiqAFBVV95cUxPQVVFMU5BZG0tb2tPY1dLeDNYcVlqd01lVmdqN1pnVlhkTlQtcTRrQzRYWmozMmkxb2FXdGdzNVE3Y2dCb1BmSFlJQ1g5ZzR4OG5yNi1hQ0hrbGZmRjY4ZUlJM3BmdUFfSmotcWx4MENHcW9DRDZWNVdXUWVldVVtRDB2bDBVRGtoTXlsaFhuX1NfZDQ5dlZnOE9wbjRWMlkwb2RDbkVfd20?oc=5,"Fri, 22 Aug 2025 14:00:00 GMT",2025-08-25 14:11:15
Taylor Swift,Travis Kelce’s Dad Says His Son’s Joy Springs From One Important Source: ‘Taylor’ - Billboard,https://news.google.com/rss/articles/CBMipwFBVV95cUxPVVRCVnczaWxtMVQ3dTNpUTVzZW10anF5eXY4ZTRQSUhyVmliamM2VmloRllOUDhJUUs2ZG1Ucno5Y3RQQy04Y2N3cU9OVFpEYVZIaExucmM2NXluWjA5dlNfajJBLS1ZWXlvTmdmNC1qQTZnTy1vLUFNUTZFWVVSelJoS1BQLTY5dFUycVpsNjUzWENrSzA4dzBJdnlGeXdSOXlBMU5EZw?oc=5,"Mon, 25 Aug 2025 12:54:36 GMT",2025-08-25 14:11:15
Taylor Swift,"World’s richest musician has twice the net worth of Taylor Swift, no album releases since 2017, boasts 25 Grammy awards - The Indian Express",https://news.google.com/rss/articles/CBMilAJBVV95cUxQQmYtMU9tcVI3eDlhZ0F5VGc0RHJ1VVl6clFRbGs2bFBiRGh1R3BxUkFwcWJITWVzUWR5TlZueDBhZ0MxUm85ZWRlMEhxaFVtRUZIX2JKaHpuMDFTN08xWWVWUU5kYnE2STFjM1lFSGNnbjFuSU1fSmp1ckpTNzB0S3laNm9lbmFCQUJvWU5tWldWTFdYSTdRMVRMX2JMV3RRTGd4cjlwMHlQd2RmVnlRYW5Dck1xdUxCakxTVzV2WFJYMlctV203Y193OEstUmFDZEozNTFicXhxTXRXNUNMUEo4bDVRQlRCU2JQeE9hZVVnckdIOTNaSkdFZFUtZWQyVFdHelZzeTNvcFd5dUZ3cDM5Y2XSAZsCQVVfeXFMT2gyUkxKeDdDb2dMSUxxVXBNZnRkQ3E4WW5wQmg3X0xkWUJkTW9INE10OEc2bXkwVFJLdzdERkxYM1BxMXhjREVDc3FXX24zUS1FV1h3aHkyOW5GM0FJeU9yaWpUV0NNLTVtajNjZmE4empHczVZQjhkbUlXMzlmMjUxQWdmdzdGLVR2elZQaVRrTkJ5S1N4RUpBeGxSdXpqMW1PVXhZazhnWHlZNS1LRlZXN3F0U0JGanAtSHNkV0c3d1pMQk1QRkYzaW1nbXdmaDYycFA1ZTVpc05FZ09nZTRPbzNLTk1NWVlvbEpqY1pXekRGTVNpekFHcE1nNXF2c1NuTXN5SlFsOUhYZWtQbVR4SjVlcnFoVXpoRQ?oc=5,"Sat, 23 Aug 2025 02:43:09 GMT",2025-08-25 14:11:15
Taylor Swift,Travis Kelce disappoints fans after missing Taylor Swift reference - yahoo.com,https://news.google.com/rss/articles/CBMipgFBVV95cUxOWlBWd3dpMFRqVUxPOUNKOC15VXBqdUQzdnlnWTdxWjluclZRSXpiYVBIWm44cC1IMXNjc0VRbElGRGdtVU5HN0htZ2k1OUJwanZpeDZLWEE0Z3VqZGxiWkdOYkdaeGFzcTAwQWFZZEZVaHdzbVMySjhFaHNxcDFmcVYtc2I4bXBic05jY2hGck5NMjJOWldVaHp3QjktSjl2bDNxWWRn?oc=5,"Sun, 24 Aug 2025 18:05:40 GMT",2025-08-25 14:11:15
Taylor Swift,Erin Andrews Reveals What She Texted Taylor Swift After Seeing Those Risqué ‘Life of a Showgirl’ Photos - Billboard,https://news.google.com/rss/articles/CBMiowFBVV95cUxPTGxJQ3hkd0RuczU4Q0NtRlJ1dm1peXc4dUV5d0Fsbmx1Q1FXRHhGLTVZX2xOMV8ybHo0MnJZLTNLcUNjRThnaEZ6cV9XWGwzcHBmaHJLa2w0bUJIUzc0V2ZNN203SWdoVXFOUmdFV29oQmRXbUtTaTVRaFRiLUNIZFRpOEY5UnVIWWtZU2JUY3Q4eTZmVHNzaW4tTmNXMVJqWFhz?oc=5,"Fri, 22 Aug 2025 17:20:41 GMT",2025-08-25 14:11:15
Taylor Swift,Taylor Swift & Travis Kelce Do Vocal Warm-Ups in 'New Heights' Outtakes - Billboard,https://news.google.com/rss/articles/CBMirAFBVV95cUxOeUNYRnlnYnZvanVWOGdwZmJnVVg3Z2ZuYWJyUS1IMDN2a0R2QkRYRW56M2FSLTZvaTQ3ZjRLcWlJX3ZMRTNRaFJDSW1wOVNJaDdsMEd5b1JPQklLS0NHamdjX3dvblMzTlV5MVB3TkhpWWtaLWRLeEp2YXdOTGxfWk4xQkljTHFDX1pWeUlLc1Y4THRjRGtPczlxZkUxZjZyaUJGWUJBSW1RNGlw?oc=5,"Fri, 22 Aug 2025 12:18:56 GMT",2025-08-25 14:11:15
Weezer,Soundtrack Of My Life: Mac DeMarco - NME,https://news.google.com/rss/articles/CBMikAFBVV95cUxNelR6MnBxQV85QTRpTTZrMDh5NjYybkFtSkdwN2Z5N1Y5czFsZ1ZkQnpZdTMwV09BV1ZDT2U0ckI3Ny1kc215V0NEMXpSZ294TktybFJwRGlZNDNUSUpCU0o4cmM0T0dhVHljTVNyWmFmYThucUNVSmRHemxPQ0ZnOGdDTDR5ekdoek90RXhQcWk?oc=5,"Fri, 22 Aug 2025 08:00:27 GMT",2025-08-25 14:11:16
Weezer,Weezer fuels new music speculation with social media & website logo change - 105.7 The Point,https://news.google.com/rss/articles/CBMiswFBVV95cUxNRkR4aWNCVmpBMjlWVmg4VXdkSXd5WGFzSG11SkU3QjFreW8waUV4QXRYYVhFVjhfY2daRFByTTMxZEJmMmlSb3hSWjZfXzZ4S1NCMHVKZDVEVFYzdW91YkN1Nk5Jb2NHeGU5bWJ0amoyaURHaWltc2VVRmF2WUlKUVFicUZReEVTbHJRTUJNemVqQl9sd1RlZnp3ZXhlVkFMVVQ5LWJWeC0zelZiNmhnUkZoTQ?oc=5,"Mon, 18 Aug 2025 22:00:00 GMT",2025-08-25 14:11:16
Weezer,Rivers Cuomo on the Chart-Topping Weezer Song That Was Never Meant To Be Ironic - VICE,https://news.google.com/rss/articles/CBMisgFBVV95cUxNT3JuclpKTm85WGgzTUUyMXh6a2Q4b3pyNjlyN1ZzczBLanJEMkFNd1B5MXdzQzgtT010dDJRNExRTzBna3pSb0FWdUlDbDZsY0FvRG1PVE9RU3A4VmFiTVNfS3dMS2tFVDJWZEhXQ1BPVzZvUmtpeWZKMDhCYWROX08xQXZMdExTdncwbFFiTVY0eENvWTliQi04aVZoczl5dEp3NFVQOW03YVg5Wl9XZGdn?oc=5,"Wed, 06 Aug 2025 07:00:00 GMT",2025-08-25 14:11:16
Weezer,"Kilby Block Party Day 3 Shows Off Weezer, St. Vincent, Wallows, & More - We Write About Music",https://news.google.com/rss/articles/CBMikAFBVV95cUxNU0dpbWc0X25OWUZtd2g4ZkIzeEdiZmYwa0p1WDItYjRHNmdjcVhPcmpTaGpnVExheUc1QUtCbml1ZTBIOHlta2JSeE93Y3AyZTNLXy16LUROM1pRVGhSXzF6WngxbWhuVHNEREY2Rm5jT092RmNqUG9heEZhelVYQ0Y5QlAwSHB5djlmVEE0X24?oc=5,"Fri, 23 May 2025 07:00:00 GMT",2025-08-25 14:11:16
Weezer,How ‘I Love the USA’ became the first Weezer song in space - Global News,https://news.google.com/rss/articles/CBMimAFBVV95cUxPN1Boa3JuVzh6Wk5XT19YV045eGFGb0xkRmU2cVFwV0FfWjZubGNXbkc2N0ZORnlYVENIMDdLVnU2ajhFSnFjNDlkZlRXbDFOZEZMeXh5M3Izd3Rmbl9lT0NYWnpxU0RlLUxzNTlOT3RlcWYzNUpYSjcxT0tIdENCQThzZUtuQUo3WEttQ2JGV0RaV1QtTENXb9IBnwFBVV95cUxNVmladllxeVVuSlEzbTRqQjNPVFhMY2UxZ1FLc2MzdjR2M19LeEZCZW1PVk5EWEVuT0lnUVJNTm40b0VtX1N6RUN2MHRjaXphMElJdlZjRmlCVVl3alNtZE56YWJPLWRkeG1kVUNNSW5Iek9NUEthZ3liV0RINTRGZWdnd01XTzMzcnVSSVRlMnRCelVzZHhRbUJCZzRqYkk?oc=5,"Fri, 30 May 2025 07:00:00 GMT",2025-08-25 14:11:16
Weezer,From Hills to Hotels: The 3 All-Time Best Songs About California - American Songwriter,https://news.google.com/rss/articles/CBMimwFBVV95cUxNVXI2aC1LOTVkS1BDVnZNTkZuYm5mNl9JdFZGTW0xVVBuOGNHWVF5cXI5T3hlMWFlSWxvRzlBWFEwZ0pYUUNZbWFpZHhoVnJWN2tQTFJVVTZqVjRFN0hxcS0yQXhRM3c0ZG1GMUY3cG5qdzhmU3owUHdxcjVKc3NpOGpnRXA0eTBIUUpJSHZlTEpvNWZNN292cS1HQQ?oc=5,"Sat, 23 Aug 2025 11:00:00 GMT",2025-08-25 14:11:16
Weezer,Olivia Rodrigo Brings Out Weezer During Headlining Lollapalooza Set - uDiscover Music,https://news.google.com/rss/articles/CBMie0FVX3lxTE9sUm02QlJDcG5nVGhEdHVuRjJDbDRoTlo4eVVBUXkxMzlMSkZuX1ptdHhZa0hXeEtUVFFNVnpvMkw4UE5sUEVuYWdJVkpFdjNZRmZPVXYwbl9qekQ1RHBrTzJtS0RQTGlLNjR1RlNXV3hvcGNyZ1pKSm1tOA?oc=5,"Wed, 06 Aug 2025 07:00:00 GMT",2025-08-25 14:11:16
Weezer,Weezer Changed My Mind About Weezer at Edmonton's Rockin' Thunder - Exclaim! Magazine,https://news.google.com/rss/articles/CBMihAFBVV95cUxPTWFNVHdXUklRQlp1b3lzMlNGNXE0eldhOHpkWXNtUXBwaGRvcnh4b2xQUnlqMVlzMnBsZzF1MDVwZTRjbmctdWdQZWNrZjJ2X1pSNVd1dnBDOFBGV0R1Wmt4ZzJfVXlpM3ZKdUFGUWh5bmZmNHNvNy1YNlRMUjdGYUpUcTI?oc=5,"Sat, 12 Jul 2025 07:00:00 GMT",2025-08-25 14:11:16
Weezer,Weezer Concert Setlist: Discover the Average Song List - Ticketmaster Blog,https://news.google.com/rss/articles/CBMiWEFVX3lxTFAzcG1jM1FVd2MwOHRnOVAzU3lwZEVudkdYOEpiMUhTRGlab0lQZVhXRkM0bVB1Z3JtUHViY0ZVbDVPZTdDYmZTMjMzNkI4d1NXczR4c20zR3Q?oc=5,"Wed, 28 May 2025 07:00:00 GMT",2025-08-25 14:11:16
Weezer,"Insight: I'm a creep, I'm a weirdo. But does my music make me a loser? - The State Press",https://news.google.com/rss/articles/CBMic0FVX3lxTE9TRWp0WWVRWkVjY2d6UkdBTkpHZUQwUDZudHE3ZFZ2eEd0OTQ1cXpFWUFtaFdJc3dmYmxzbjNBbTQzNzNxT0lRNWFuYnE4c1dMZjI1QUJqZWFraWN0bG9mQkVNZEVZWkFNWGY3UGctRDN2Y1E?oc=5,"Tue, 04 Mar 2025 08:00:00 GMT",2025-08-25 14:11:16
